0	Union	union	2	1	24
1	Identifier	U	2	7	30
2	LBrace	{	2	9	32
3	Int	int	2	11	34
4	Identifier	i	2	15	38
5	Semicolon	;	2	16	39
6	RBrace	}	2	18	41
7	Semicolon	;	2	19	42
8	Int	int	2	21	44
9	Identifier	main	2	25	48
10	LParen	(	2	29	52
11	RParen	)	2	30	53
12	LBrace	{	2	32	55
13	Union	union	2	34	57
14	Identifier	U	2	40	63
15	Identifier	arr	2	42	65
16	LBracket	[	2	45	68
17	Number	2	2	46	69
18	RBracket	]	2	47	70
19	Semicolon	;	2	48	71
20	Identifier	arr	2	50	73
21	LBracket	[	2	53	76
22	Number	0	2	54	77
23	RBracket	]	2	55	78
24	Dot	.	2	56	79
25	Identifier	i	2	57	80
26	Assign	=	2	59	82
27	Number	1	2	61	84
28	Semicolon	;	2	62	85
29	Identifier	arr	2	64	87
30	LBracket	[	2	67	90
31	Number	1	2	68	91
32	RBracket	]	2	69	92
33	Dot	.	2	70	93
34	Identifier	i	2	71	94
35	Assign	=	2	73	96
36	Number	2	2	75	98
37	Semicolon	;	2	76	99
38	Identifier	printf	2	78	101
39	LParen	(	2	84	107
40	String	%d	2	85	108
41	Comma	,	2	89	112
42	Identifier	arr	2	91	114
43	LBracket	[	2	94	117
44	Number	1	2	95	118
45	RBracket	]	2	96	119
46	Dot	.	2	97	120
47	Identifier	i	2	98	121
48	RParen	)	2	99	122
49	Semicolon	;	2	100	123
50	Return	return	2	102	125
51	Number	0	2	109	132
52	Semicolon	;	2	110	133
53	RBrace	}	2	112	135
54	Eof		3	1	138
count=54	errors=0	warnings=0
