0	Hash	#	2	1	24
1	Identifier	define	2	2	25
2	Identifier	MAXSIZE	2	9	32
3	Number	5	2	17	40
4	Struct	struct	3	1	43
5	Identifier	CircularQueue	3	8	50
6	LBrace	{	3	22	64
7	Int	int	3	24	66
8	Identifier	data	3	28	70
9	LBracket	[	3	32	74
10	Identifier	MAXSIZE	3	33	75
11	RBracket	]	3	40	82
12	Semicolon	;	3	41	83
13	Int	int	3	43	85
14	Identifier	front	3	47	89
15	Semicolon	;	3	52	94
16	Int	int	3	54	96
17	Identifier	rear	3	58	100
18	Semicolon	;	3	62	104
19	RBrace	}	3	64	106
20	Semicolon	;	3	65	107
21	Void	void	4	1	110
22	Identifier	init	4	6	115
23	LParen	(	4	10	119
24	Struct	struct	4	11	120
25	Identifier	CircularQueue	4	18	127
26	Star	*	4	31	140
27	Identifier	q	4	33	142
28	RParen	)	4	34	143
29	LBrace	{	4	36	145
30	Identifier	q	4	38	147
31	Arrow	->	4	39	148
32	Identifier	front	4	41	150
33	Assign	=	4	47	156
34	Number	0	4	49	158
35	Semicolon	;	4	50	159
36	Identifier	q	4	52	161
37	Arrow	->	4	53	162
38	Identifier	rear	4	55	164
39	Assign	=	4	60	169
40	Number	0	4	62	171
41	Semicolon	;	4	63	172
42	RBrace	}	4	65	174
43	Int	int	5	1	177
44	Identifier	isFull	5	5	181
45	LParen	(	5	11	187
46	Struct	struct	5	12	188
47	Identifier	CircularQueue	5	19	195
48	Star	*	5	32	208
49	Identifier	q	5	34	210
50	RParen	)	5	35	211
51	LBrace	{	5	37	213
52	Return	return	5	39	215
53	LParen	(	5	46	222
54	Identifier	q	5	47	223
55	Arrow	->	5	48	224
56	Identifier	rear	5	50	226
57	Plus	+	5	55	231
58	Number	1	5	57	233
59	RParen	)	5	58	234
60	Percent	%	5	60	236
61	Identifier	MAXSIZE	5	62	238
62	Eq	==	5	70	246
63	Identifier	q	5	73	249
64	Arrow	->	5	74	250
65	Identifier	front	5	76	252
66	Semicolon	;	5	81	257
67	RBrace	}	5	83	259
68	Void	void	6	1	262
69	Identifier	enqueue	6	6	267
70	LParen	(	6	13	274
71	Struct	struct	6	14	275
72	Identifier	CircularQueue	6	21	282
73	Star	*	6	34	295
74	Identifier	q	6	36	297
75	Comma	,	6	37	298
76	Int	int	6	39	300
77	Identifier	x	6	43	304
78	RParen	)	6	44	305
79	LBrace	{	6	46	307
80	If	if	6	48	309
81	LParen	(	6	51	312
82	Identifier	isFull	6	52	313
83	LParen	(	6	58	319
84	Identifier	q	6	59	320
85	RParen	)	6	60	321
86	RParen	)	6	61	322
87	Return	return	6	63	324
88	Semicolon	;	6	69	330
89	Identifier	q	6	71	332
90	Arrow	->	6	72	333
91	Identifier	data	6	74	335
92	LBracket	[	6	78	339
93	Identifier	q	6	79	340
94	Arrow	->	6	80	341
95	Identifier	rear	6	82	343
96	RBracket	]	6	86	347
97	Assign	=	6	88	349
98	Identifier	x	6	90	351
99	Semicolon	;	6	91	352
100	Identifier	q	6	93	354
101	Arrow	->	6	94	355
102	Identifier	rear	6	96	357
103	Assign	=	6	101	362
104	LParen	(	6	103	364
105	Identifier	q	6	104	365
106	Arrow	->	6	105	366
107	Identifier	rear	6	107	368
108	Plus	+	6	112	373
109	Number	1	6	114	375
110	RParen	)	6	115	376
111	Percent	%	6	117	378
112	Identifier	MAXSIZE	6	119	380
113	Semicolon	;	6	126	387
114	RBrace	}	6	128	389
115	Int	int	7	1	392
116	Identifier	dequeue	7	5	396
117	LParen	(	7	12	403
118	Struct	struct	7	13	404
119	Identifier	CircularQueue	7	20	411
120	Star	*	7	33	424
121	Identifier	q	7	35	426
122	RParen	)	7	36	427
123	LBrace	{	7	38	429
124	If	if	7	40	431
125	LParen	(	7	43	434
126	Identifier	q	7	44	435
127	Arrow	->	7	45	436
128	Identifier	front	7	47	438
129	Eq	==	7	53	444
130	Identifier	q	7	56	447
131	Arrow	->	7	57	448
132	Identifier	rear	7	59	450
133	RParen	)	7	63	454
134	Return	return	7	65	456
135	Minus	-	7	72	463
136	Number	1	7	73	464
137	Semicolon	;	7	74	465
138	Int	int	7	76	467
139	Identifier	x	7	80	471
140	Assign	=	7	82	473
141	Identifier	q	7	84	475
142	Arrow	->	7	85	476
143	Identifier	data	7	87	478
144	LBracket	[	7	91	482
145	Identifier	q	7	92	483
146	Arrow	->	7	93	484
147	Identifier	front	7	95	486
148	RBracket	]	7	100	491
149	Semicolon	;	7	101	492
150	Identifier	q	7	103	494
151	Arrow	->	7	104	495
152	Identifier	front	7	106	497
153	Assign	=	7	112	503
154	LParen	(	7	114	505
155	Identifier	q	7	115	506
156	Arrow	->	7	116	507
157	Identifier	front	7	118	509
158	Plus	+	7	124	515
159	Number	1	7	126	517
160	RParen	)	7	127	518
161	Percent	%	7	129	520
162	Identifier	MAXSIZE	7	131	522
163	Semicolon	;	7	138	529
164	Return	return	7	140	531
165	Identifier	x	7	147	538
166	Semicolon	;	7	148	539
167	RBrace	}	7	150	541
168	Int	int	8	1	544
169	Identifier	main	8	5	548
170	LParen	(	8	9	552
171	RParen	)	8	10	553
172	LBrace	{	8	12	555
173	Struct	struct	8	14	557
174	Identifier	CircularQueue	8	21	564
175	Identifier	q	8	35	578
176	Semicolon	;	8	36	579
177	Identifier	init	8	38	581
178	LParen	(	8	42	585
179	Ampersand	&	8	43	586
180	Identifier	q	8	44	587
181	RParen	)	8	45	588
182	Semicolon	;	8	46	589
183	Identifier	enqueue	8	48	591
184	LParen	(	8	55	598
185	Ampersand	&	8	56	599
186	Identifier	q	8	57	600
187	Comma	,	8	58	601
188	Number	10	8	60	603
189	RParen	)	8	62	605
190	Semicolon	;	8	63	606
191	Identifier	enqueue	8	65	608
192	LParen	(	8	72	615
193	Ampersand	&	8	73	616
194	Identifier	q	8	74	617
195	Comma	,	8	75	618
196	Number	20	8	77	620
197	RParen	)	8	79	622
198	Semicolon	;	8	80	623
199	Identifier	enqueue	8	82	625
200	LParen	(	8	89	632
201	Ampersand	&	8	90	633
202	Identifier	q	8	91	634
203	Comma	,	8	92	635
204	Number	30	8	94	637
205	RParen	)	8	96	639
206	Semicolon	;	8	97	640
207	Identifier	printf	8	99	642
208	LParen	(	8	105	648
209	String	%d %d %d	8	106	649
210	Comma	,	8	116	659
211	Identifier	dequeue	8	118	661
212	LParen	(	8	125	668
213	Ampersand	&	8	126	669
214	Identifier	q	8	127	670
215	RParen	)	8	128	671
216	Comma	,	8	129	672
217	Identifier	dequeue	8	131	674
218	LParen	(	8	138	681
219	Ampersand	&	8	139	682
220	Identifier	q	8	140	683
221	RParen	)	8	141	684
222	Comma	,	8	142	685
223	Identifier	dequeue	8	144	687
224	LParen	(	8	151	694
225	Ampersand	&	8	152	695
226	Identifier	q	8	153	696
227	RParen	)	8	154	697
228	RParen	)	8	155	698
229	Semicolon	;	8	156	699
230	Return	return	8	158	701
231	Number	0	8	165	708
232	Semicolon	;	8	166	709
233	RBrace	}	8	168	711
234	Eof		9	1	714
count=234	errors=0	warnings=0
