0	Hash	#	3	1	92
1	Identifier	include	3	2	93
2	Lt	<	3	10	101
3	Identifier	stdio	3	11	102
4	Dot	.	3	16	107
5	Identifier	h	3	17	108
6	Gt	>	3	18	109
7	Int	int	4	1	111
8	Identifier	main	4	5	115
9	LParen	(	4	9	119
10	RParen	)	4	10	120
11	LBrace	{	4	12	122
12	Const	const	5	5	128
13	Int	int	5	11	134
14	Identifier	ci	5	15	138
15	Assign	=	5	18	141
16	Number	9	5	20	143
17	Semicolon	;	5	21	144
18	Identifier	__typeof_unqual__	6	5	150
19	LParen	(	6	22	167
20	Identifier	ci	6	23	168
21	RParen	)	6	25	170
22	Identifier	x	6	27	172
23	Assign	=	6	29	174
24	Identifier	ci	6	31	176
25	Plus	+	6	34	179
26	Number	1	6	36	181
27	Semicolon	;	6	37	182
28	Identifier	x	7	5	188
29	Assign	=	7	7	190
30	Number	42	7	9	192
31	Semicolon	;	7	11	194
32	Identifier	__typeof__	8	5	200
33	LParen	(	8	15	210
34	Identifier	ci	8	16	211
35	RParen	)	8	18	213
36	Identifier	y	8	20	215
37	Assign	=	8	22	217
38	Identifier	ci	8	24	219
39	Semicolon	;	8	26	221
40	Identifier	printf	9	5	227
41	LParen	(	9	11	233
42	String	%d %d\n	9	12	234
43	Comma	,	9	21	243
44	Identifier	x	9	23	245
45	Comma	,	9	24	246
46	Identifier	y	9	26	248
47	RParen	)	9	27	249
48	Semicolon	;	9	28	250
49	Return	return	10	5	256
50	Number	0	10	12	263
51	Semicolon	;	10	13	264
52	RBrace	}	11	1	266
53	Eof		12	1	268
count=53	errors=0	warnings=0
