0	Extern	extern	2	1
1	Int	int	2	8
2	Identifier	foo	2	12
3	LParen	(	2	15
4	Int	int	2	16
5	RParen	)	2	19
6	Semicolon	;	2	20
7	Int	int	2	22
8	Identifier	main	2	26
9	LParen	(	2	30
10	RParen	)	2	31
11	LBrace	{	2	33
12	Identifier	printf	2	35
13	LParen	(	2	41
14	String	%d	2	42
15	Comma	,	2	46
16	Identifier	foo	2	48
17	LParen	(	2	51
18	Number	5	2	52
19	RParen	)	2	53
20	RParen	)	2	54
21	Semicolon	;	2	55
22	Return	return	2	57
23	Number	0	2	64
24	Semicolon	;	2	65
25	RBrace	}	2	67
26	Int	int	2	69
27	Identifier	foo	2	73
28	LParen	(	2	76
29	Int	int	2	77
30	Identifier	x	2	81
31	RParen	)	2	82
32	LBrace	{	2	84
33	Return	return	2	86
34	Identifier	x	2	93
35	Star	*	2	94
36	Number	2	2	95
37	Semicolon	;	2	96
38	RBrace	}	2	98
39	Eof		3	1
count=39	errors=0	warnings=0
