0	Int	int	2	1
1	Star	*	2	4
2	Identifier	greet	2	6
3	LParen	(	2	11
4	Int	int	2	12
5	Identifier	x	2	16
6	RParen	)	2	17
7	LBrace	{	2	19
8	Identifier	static	2	21
9	Int	int	2	28
10	Identifier	r	2	32
11	Assign	=	2	34
12	Number	0	2	36
13	Semicolon	;	2	37
14	Identifier	r	2	39
15	Assign	=	2	41
16	Identifier	x	2	43
17	Semicolon	;	2	44
18	Return	return	2	46
19	Ampersand	&	2	53
20	Identifier	r	2	54
21	Semicolon	;	2	55
22	RBrace	}	2	57
23	Int	int	2	59
24	Identifier	main	2	63
25	LParen	(	2	67
26	RParen	)	2	68
27	LBrace	{	2	70
28	Int	int	2	72
29	Star	*	2	75
30	LParen	(	2	77
31	Star	*	2	78
32	Identifier	fp	2	79
33	RParen	)	2	81
34	LParen	(	2	82
35	Int	int	2	83
36	RParen	)	2	86
37	Assign	=	2	88
38	Identifier	greet	2	90
39	Semicolon	;	2	95
40	Int	int	2	97
41	Star	*	2	100
42	Identifier	p	2	102
43	Assign	=	2	104
44	Identifier	fp	2	106
45	LParen	(	2	108
46	Number	42	2	109
47	RParen	)	2	111
48	Semicolon	;	2	112
49	Identifier	printf	2	114
50	LParen	(	2	120
51	String	%d	2	121
52	Comma	,	2	125
53	Star	*	2	127
54	Identifier	p	2	128
55	RParen	)	2	129
56	Semicolon	;	2	130
57	Return	return	2	132
58	Number	0	2	139
59	Semicolon	;	2	140
60	RBrace	}	2	142
61	Eof		3	1
count=61	errors=0	warnings=0
