0	Hash	#	6	1	431
1	Identifier	include	6	2	432
2	Lt	<	6	10	440
3	Identifier	stdio	6	11	441
4	Dot	.	6	16	446
5	Identifier	h	6	17	447
6	Gt	>	6	18	448
7	Double	double	7	1	450
8	Identifier	dv	7	8	457
9	LParen	(	7	10	459
10	Int	int	7	11	460
11	Identifier	n	7	15	464
12	Comma	,	7	16	465
13	Ellipsis	...	7	18	467
14	RParen	)	7	21	470
15	LBrace	{	7	23	472
16	Return	return	7	25	474
17	FloatLiteral	2.5	7	32	481
18	Semicolon	;	7	35	484
19	RBrace	}	7	37	486
20	Int	int	8	1	488
21	Identifier	main	8	5	492
22	LParen	(	8	9	496
23	RParen	)	8	10	497
24	LBrace	{	8	12	499
25	Double	double	9	5	505
26	Identifier	a	9	12	512
27	LBracket	[	9	13	513
28	Number	4	9	14	514
29	RBracket	]	9	15	515
30	Assign	=	9	17	517
31	LBrace	{	9	19	519
32	FloatLiteral	1.0	9	20	520
33	Comma	,	9	23	523
34	Identifier	dv	9	25	525
35	LParen	(	9	27	527
36	Number	1	9	28	528
37	Comma	,	9	29	529
38	FloatLiteral	3.5	9	31	531
39	RParen	)	9	34	534
40	Comma	,	9	35	535
41	FloatLiteral	3.0	9	37	537
42	Comma	,	9	40	540
43	FloatLiteral	4.0	9	42	542
44	RBrace	}	9	45	545
45	Semicolon	;	9	46	546
46	Identifier	printf	10	5	552
47	LParen	(	10	11	558
48	String	%.1f %.1f %.1f %.1f\n	10	12	559
49	Comma	,	10	35	582
50	Identifier	a	10	37	584
51	LBracket	[	10	38	585
52	Number	0	10	39	586
53	RBracket	]	10	40	587
54	Comma	,	10	41	588
55	Identifier	a	10	43	590
56	LBracket	[	10	44	591
57	Number	1	10	45	592
58	RBracket	]	10	46	593
59	Comma	,	10	47	594
60	Identifier	a	10	49	596
61	LBracket	[	10	50	597
62	Number	2	10	51	598
63	RBracket	]	10	52	599
64	Comma	,	10	53	600
65	Identifier	a	10	55	602
66	LBracket	[	10	56	603
67	Number	3	10	57	604
68	RBracket	]	10	58	605
69	RParen	)	10	59	606
70	Semicolon	;	10	60	607
71	Return	return	11	5	613
72	Number	0	11	12	620
73	Semicolon	;	11	13	621
74	RBrace	}	12	1	623
75	Eof		13	1	625
count=75	errors=0	warnings=0
