0	Int	int	4	1
1	Identifier	main	4	5
2	LParen	(	4	9
3	RParen	)	4	10
4	LBrace	{	4	12
5	Identifier	printf	4	14
6	LParen	(	4	20
7	String	%d	4	21
8	Comma	,	4	25
9	LParen	(	4	27
10	LParen	(	4	27
11	Number	1	4	27
12	RParen	)	4	27
13	Gt	>	4	27
14	LParen	(	4	27
15	LParen	(	4	27
16	LParen	(	4	27
17	Number	2	4	27
18	RParen	)	4	27
19	Lt	<	4	27
20	LParen	(	4	27
21	Number	3	4	27
22	RParen	)	4	27
23	Question	?	4	27
24	LParen	(	4	27
25	Number	2	4	27
26	RParen	)	4	27
27	Colon	:	4	27
28	LParen	(	4	27
29	Number	3	4	27
30	RParen	)	4	27
31	RParen	)	4	27
32	RParen	)	4	27
33	Question	?	4	27
34	LParen	(	4	27
35	Number	1	4	27
36	RParen	)	4	27
37	Colon	:	4	27
38	LParen	(	4	27
39	LParen	(	4	27
40	LParen	(	4	27
41	Number	2	4	27
42	RParen	)	4	27
43	Lt	<	4	27
44	LParen	(	4	27
45	Number	3	4	27
46	RParen	)	4	27
47	Question	?	4	27
48	LParen	(	4	27
49	Number	2	4	27
50	RParen	)	4	27
51	Colon	:	4	27
52	LParen	(	4	27
53	Number	3	4	27
54	RParen	)	4	27
55	RParen	)	4	27
56	RParen	)	4	27
57	RParen	)	4	27
58	RParen	)	4	43
59	Semicolon	;	4	44
60	Return	return	4	46
61	Number	0	4	53
62	Semicolon	;	4	54
63	RBrace	}	4	56
64	Eof		5	1
count=64	errors=0	warnings=0
