0	Int	int	3	1
1	Identifier	main	3	5
2	LParen	(	3	9
3	RParen	)	3	10
4	LBrace	{	3	12
5	Int	int	3	14
6	Identifier	x	3	18
7	Assign	=	3	19
8	Number	1	3	20
9	Semicolon	;	3	21
10	Int	int	3	23
11	Identifier	y	3	27
12	Assign	=	3	28
13	Number	2	3	29
14	Semicolon	;	3	30
15	LBrace	{	3	32
16	Int	int	3	32
17	Identifier	temp	3	32
18	Assign	=	3	32
19	Identifier	x	3	32
20	Semicolon	;	3	32
21	Identifier	x	3	32
22	Assign	=	3	32
23	Identifier	y	3	32
24	Semicolon	;	3	32
25	Identifier	y	3	32
26	Assign	=	3	32
27	Identifier	temp	3	32
28	Semicolon	;	3	32
29	RBrace	}	3	32
30	Identifier	printf	4	1
31	LParen	(	4	7
32	String	%d %d	4	8
33	Comma	,	4	15
34	Identifier	x	4	17
35	Comma	,	4	18
36	Identifier	y	4	20
37	RParen	)	4	21
38	Semicolon	;	4	22
39	Return	return	4	24
40	Number	0	4	31
41	Semicolon	;	4	32
42	RBrace	}	4	34
43	Eof		5	1
count=43	errors=0	warnings=0
