0	Void	void	2	1
1	Identifier	shellSort	2	6
2	LParen	(	2	15
3	Int	int	2	16
4	Identifier	arr	2	20
5	LBracket	[	2	23
6	RBracket	]	2	24
7	Comma	,	2	25
8	Int	int	2	27
9	Identifier	n	2	31
10	RParen	)	2	32
11	LBrace	{	2	34
12	For	for	2	36
13	LParen	(	2	40
14	Int	int	2	41
15	Identifier	gap	2	45
16	Assign	=	2	49
17	Identifier	n	2	51
18	Slash	/	2	52
19	Number	2	2	53
20	Semicolon	;	2	54
21	Identifier	gap	2	56
22	Gt	>	2	60
23	Number	0	2	62
24	Semicolon	;	2	63
25	Identifier	gap	2	65
26	SlashAssign	/=	2	69
27	Number	2	2	72
28	RParen	)	2	73
29	For	for	2	75
30	LParen	(	2	79
31	Int	int	2	80
32	Identifier	i	2	84
33	Assign	=	2	86
34	Identifier	gap	2	88
35	Semicolon	;	2	91
36	Identifier	i	2	93
37	Lt	<	2	95
38	Identifier	n	2	97
39	Semicolon	;	2	98
40	Identifier	i	2	100
41	Increment	++	2	101
42	RParen	)	2	103
43	LBrace	{	2	105
44	Int	int	2	107
45	Identifier	temp	2	111
46	Assign	=	2	116
47	Identifier	arr	2	118
48	LBracket	[	2	121
49	Identifier	i	2	122
50	RBracket	]	2	123
51	Semicolon	;	2	124
52	Int	int	2	126
53	Identifier	j	2	130
54	Semicolon	;	2	131
55	For	for	2	133
56	LParen	(	2	137
57	Identifier	j	2	138
58	Assign	=	2	140
59	Identifier	i	2	142
60	Semicolon	;	2	143
61	Identifier	j	2	145
62	Ge	>=	2	147
63	Identifier	gap	2	150
64	AndAnd	&&	2	154
65	Identifier	arr	2	157
66	LBracket	[	2	160
67	Identifier	j	2	161
68	Minus	-	2	162
69	Identifier	gap	2	163
70	RBracket	]	2	166
71	Gt	>	2	168
72	Identifier	temp	2	170
73	Semicolon	;	2	174
74	Identifier	j	2	176
75	MinusAssign	-=	2	178
76	Identifier	gap	2	181
77	RParen	)	2	184
78	Identifier	arr	2	186
79	LBracket	[	2	189
80	Identifier	j	2	190
81	RBracket	]	2	191
82	Assign	=	2	193
83	Identifier	arr	2	195
84	LBracket	[	2	198
85	Identifier	j	2	199
86	Minus	-	2	200
87	Identifier	gap	2	201
88	RBracket	]	2	204
89	Semicolon	;	2	205
90	Identifier	arr	2	207
91	LBracket	[	2	210
92	Identifier	j	2	211
93	RBracket	]	2	212
94	Assign	=	2	214
95	Identifier	temp	2	216
96	Semicolon	;	2	220
97	RBrace	}	2	222
98	RBrace	}	2	224
99	Int	int	2	226
100	Identifier	main	2	230
101	LParen	(	2	234
102	RParen	)	2	235
103	LBrace	{	2	237
104	Int	int	2	239
105	Identifier	arr	2	243
106	LBracket	[	2	246
107	Number	5	2	247
108	RBracket	]	2	248
109	Assign	=	2	250
110	LBrace	{	2	252
111	Number	64	2	253
112	Comma	,	2	255
113	Number	34	2	256
114	Comma	,	2	258
115	Number	25	2	259
116	Comma	,	2	261
117	Number	12	2	262
118	Comma	,	2	264
119	Number	22	2	265
120	RBrace	}	2	267
121	Semicolon	;	2	268
122	Identifier	shellSort	2	270
123	LParen	(	2	279
124	Identifier	arr	2	280
125	Comma	,	2	283
126	Number	5	2	285
127	RParen	)	2	286
128	Semicolon	;	2	287
129	Identifier	printf	2	289
130	LParen	(	2	295
131	String	%d %d %d %d %d	2	296
132	Comma	,	2	312
133	Identifier	arr	2	314
134	LBracket	[	2	317
135	Number	0	2	318
136	RBracket	]	2	319
137	Comma	,	2	320
138	Identifier	arr	2	322
139	LBracket	[	2	325
140	Number	1	2	326
141	RBracket	]	2	327
142	Comma	,	2	328
143	Identifier	arr	2	330
144	LBracket	[	2	333
145	Number	2	2	334
146	RBracket	]	2	335
147	Comma	,	2	336
148	Identifier	arr	2	338
149	LBracket	[	2	341
150	Number	3	2	342
151	RBracket	]	2	343
152	Comma	,	2	344
153	Identifier	arr	2	346
154	LBracket	[	2	349
155	Number	4	2	350
156	RBracket	]	2	351
157	RParen	)	2	352
158	Semicolon	;	2	353
159	Return	return	2	355
160	Number	0	2	362
161	Semicolon	;	2	363
162	RBrace	}	2	365
163	Eof		3	1
count=163	errors=0	warnings=0
