0	Struct	struct	2	1	24
1	Identifier	S	2	8	31
2	LBrace	{	2	10	33
3	Int	int	2	12	35
4	Identifier	a	2	16	39
5	Semicolon	;	2	17	40
6	RBrace	}	2	19	42
7	Semicolon	;	2	20	43
8	Union	union	2	22	45
9	Identifier	U	2	28	51
10	LBrace	{	2	30	53
11	Int	int	2	32	55
12	Identifier	i	2	36	59
13	Semicolon	;	2	37	60
14	Float	float	2	39	62
15	Identifier	f	2	45	68
16	Semicolon	;	2	46	69
17	RBrace	}	2	48	71
18	Semicolon	;	2	49	72
19	Int	int	2	51	74
20	Identifier	main	2	55	78
21	LParen	(	2	59	82
22	RParen	)	2	60	83
23	LBrace	{	2	62	85
24	Identifier	printf	2	64	87
25	LParen	(	2	70	93
26	String	%d %d	2	71	94
27	Comma	,	2	78	101
28	Sizeof	sizeof	2	80	103
29	LParen	(	2	86	109
30	Struct	struct	2	87	110
31	Identifier	S	2	94	117
32	RParen	)	2	95	118
33	Comma	,	2	96	119
34	Sizeof	sizeof	2	98	121
35	LParen	(	2	104	127
36	Union	union	2	105	128
37	Identifier	U	2	111	134
38	RParen	)	2	112	135
39	RParen	)	2	113	136
40	Semicolon	;	2	114	137
41	Return	return	2	116	139
42	Number	0	2	123	146
43	Semicolon	;	2	124	147
44	RBrace	}	2	126	149
45	Eof		3	1	152
count=45	errors=0	warnings=0
