0	Int	int	2	1	24
1	Identifier	main	2	5	28
2	LParen	(	2	9	32
3	RParen	)	2	10	33
4	LBrace	{	2	12	35
5	Identifier	printf	2	14	37
6	LParen	(	2	20	43
7	String	%d %d %d	2	21	44
8	Comma	,	2	31	54
9	Sizeof	sizeof	2	33	56
10	LParen	(	2	39	62
11	Int	int	2	40	63
12	RParen	)	2	43	66
13	Comma	,	2	44	67
14	Sizeof	sizeof	2	46	69
15	LParen	(	2	52	75
16	Char	char	2	53	76
17	RParen	)	2	57	80
18	Comma	,	2	58	81
19	Sizeof	sizeof	2	60	83
20	LParen	(	2	66	89
21	Double	double	2	67	90
22	RParen	)	2	73	96
23	RParen	)	2	74	97
24	Semicolon	;	2	75	98
25	Return	return	2	77	100
26	Number	0	2	84	107
27	Semicolon	;	2	85	108
28	RBrace	}	2	87	110
29	Eof		3	1	113
count=29	errors=0	warnings=0
