0	Struct	struct	2	1
1	Identifier	S	2	8
2	LBrace	{	2	10
3	Int	int	2	12
4	Identifier	x	2	16
5	Semicolon	;	2	17
6	RBrace	}	2	19
7	Semicolon	;	2	20
8	Int	int	2	22
9	Identifier	main	2	26
10	LParen	(	2	30
11	RParen	)	2	31
12	LBrace	{	2	33
13	Struct	struct	2	35
14	Identifier	S	2	42
15	Identifier	s	2	44
16	Semicolon	;	2	45
17	Struct	struct	2	47
18	Identifier	S	2	54
19	Star	*	2	55
20	Identifier	p	2	57
21	Assign	=	2	59
22	Ampersand	&	2	61
23	Identifier	s	2	62
24	Semicolon	;	2	63
25	Identifier	p	2	65
26	Arrow	->	2	66
27	Identifier	x	2	68
28	Assign	=	2	70
29	Number	42	2	72
30	Semicolon	;	2	74
31	Identifier	printf	2	76
32	LParen	(	2	82
33	String	%d	2	83
34	Comma	,	2	87
35	Identifier	p	2	89
36	Arrow	->	2	90
37	Identifier	x	2	92
38	RParen	)	2	93
39	Semicolon	;	2	94
40	Return	return	2	96
41	Number	0	2	103
42	Semicolon	;	2	104
43	RBrace	}	2	106
44	Eof		3	1
count=44	errors=0	warnings=0
