0	Hash	#	2	1	23
1	Identifier	include	2	2	24
2	Lt	<	2	10	32
3	Identifier	stdlib	2	11	33
4	Dot	.	2	17	39
5	Identifier	h	2	18	40
6	Gt	>	2	19	41
7	Hash	#	3	1	43
8	Identifier	include	3	2	44
9	Lt	<	3	10	52
10	Identifier	stdio	3	11	53
11	Dot	.	3	16	58
12	Identifier	h	3	17	59
13	Gt	>	3	18	60
14	Struct	struct	4	1	62
15	Identifier	TreeNode	4	8	69
16	LBrace	{	4	17	78
17	Int	int	4	19	80
18	Identifier	val	4	23	84
19	Semicolon	;	4	26	87
20	Struct	struct	4	28	89
21	Identifier	TreeNode	4	35	96
22	Star	*	4	43	104
23	Identifier	left	4	45	106
24	Semicolon	;	4	49	110
25	Struct	struct	4	51	112
26	Identifier	TreeNode	4	58	119
27	Star	*	4	66	127
28	Identifier	right	4	68	129
29	Semicolon	;	4	73	134
30	RBrace	}	4	75	136
31	Semicolon	;	4	76	137
32	Struct	struct	4	78	139
33	Identifier	TreeNode	4	85	146
34	Star	*	4	93	154
35	Identifier	createNode	4	95	156
36	LParen	(	4	105	166
37	Int	int	4	106	167
38	Identifier	val	4	110	171
39	RParen	)	4	113	174
40	LBrace	{	4	115	176
41	Struct	struct	4	117	178
42	Identifier	TreeNode	4	124	185
43	Star	*	4	132	193
44	Identifier	node	4	134	195
45	Assign	=	4	139	200
46	LParen	(	4	141	202
47	Struct	struct	4	142	203
48	Identifier	TreeNode	4	149	210
49	Star	*	4	157	218
50	RParen	)	4	158	219
51	Identifier	malloc	4	159	220
52	LParen	(	4	165	226
53	Sizeof	sizeof	4	166	227
54	LParen	(	4	172	233
55	Struct	struct	4	173	234
56	Identifier	TreeNode	4	180	241
57	RParen	)	4	188	249
58	RParen	)	4	189	250
59	Semicolon	;	4	190	251
60	Identifier	node	4	192	253
61	Arrow	->	4	196	257
62	Identifier	val	4	198	259
63	Assign	=	4	202	263
64	Identifier	val	4	204	265
65	Semicolon	;	4	207	268
66	Identifier	node	4	209	270
67	Arrow	->	4	213	274
68	Identifier	left	4	215	276
69	Assign	=	4	220	281
70	Null	NULL	4	222	283
71	Semicolon	;	4	226	287
72	Identifier	node	4	228	289
73	Arrow	->	4	232	293
74	Identifier	right	4	234	295
75	Assign	=	4	240	301
76	Null	NULL	4	242	303
77	Semicolon	;	4	246	307
78	Return	return	4	248	309
79	Identifier	node	4	255	316
80	Semicolon	;	4	259	320
81	RBrace	}	4	261	322
82	Void	void	4	263	324
83	Identifier	levelOrder	4	268	329
84	LParen	(	4	278	339
85	Struct	struct	4	279	340
86	Identifier	TreeNode	4	286	347
87	Star	*	4	294	355
88	Identifier	root	4	296	357
89	RParen	)	4	300	361
90	LBrace	{	4	302	363
91	If	if	4	304	365
92	LParen	(	4	307	368
93	Identifier	root	4	308	369
94	Eq	==	4	313	374
95	Null	NULL	4	316	377
96	RParen	)	4	320	381
97	Return	return	4	322	383
98	Semicolon	;	4	328	389
99	Struct	struct	4	330	391
100	Identifier	TreeNode	4	337	398
101	Star	*	4	345	406
102	Identifier	queue	4	347	408
103	LBracket	[	4	352	413
104	Number	20	4	353	414
105	RBracket	]	4	355	416
106	Semicolon	;	4	356	417
107	Int	int	4	358	419
108	Identifier	front	4	362	423
109	Assign	=	4	368	429
110	Number	0	4	370	431
111	Comma	,	4	371	432
112	Identifier	rear	4	373	434
113	Assign	=	4	378	439
114	Number	0	4	380	441
115	Semicolon	;	4	381	442
116	Identifier	queue	4	383	444
117	LBracket	[	4	388	449
118	Identifier	rear	4	389	450
119	Increment	++	4	393	454
120	RBracket	]	4	395	456
121	Assign	=	4	397	458
122	Identifier	root	4	399	460
123	Semicolon	;	4	403	464
124	While	while	4	405	466
125	LParen	(	4	411	472
126	Identifier	front	4	412	473
127	Lt	<	4	418	479
128	Identifier	rear	4	420	481
129	RParen	)	4	424	485
130	LBrace	{	4	426	487
131	Struct	struct	4	428	489
132	Identifier	TreeNode	4	435	496
133	Star	*	4	443	504
134	Identifier	node	4	445	506
135	Assign	=	4	450	511
136	Identifier	queue	4	452	513
137	LBracket	[	4	457	518
138	Identifier	front	4	458	519
139	Increment	++	4	463	524
140	RBracket	]	4	465	526
141	Semicolon	;	4	466	527
142	Identifier	printf	4	468	529
143	LParen	(	4	474	535
144	String	%d 	4	475	536
145	Comma	,	4	480	541
146	Identifier	node	4	482	543
147	Arrow	->	4	486	547
148	Identifier	val	4	488	549
149	RParen	)	4	491	552
150	Semicolon	;	4	492	553
151	If	if	4	494	555
152	LParen	(	4	497	558
153	Identifier	node	4	498	559
154	Arrow	->	4	502	563
155	Identifier	left	4	504	565
156	Ne	!=	4	509	570
157	Null	NULL	4	512	573
158	RParen	)	4	516	577
159	Identifier	queue	4	518	579
160	LBracket	[	4	523	584
161	Identifier	rear	4	524	585
162	Increment	++	4	528	589
163	RBracket	]	4	530	591
164	Assign	=	4	532	593
165	Identifier	node	4	534	595
166	Arrow	->	4	538	599
167	Identifier	left	4	540	601
168	Semicolon	;	4	544	605
169	If	if	4	546	607
170	LParen	(	4	549	610
171	Identifier	node	4	550	611
172	Arrow	->	4	554	615
173	Identifier	right	4	556	617
174	Ne	!=	4	562	623
175	Null	NULL	4	565	626
176	RParen	)	4	569	630
177	Identifier	queue	4	571	632
178	LBracket	[	4	576	637
179	Identifier	rear	4	577	638
180	Increment	++	4	581	642
181	RBracket	]	4	583	644
182	Assign	=	4	585	646
183	Identifier	node	4	587	648
184	Arrow	->	4	591	652
185	Identifier	right	4	593	654
186	Semicolon	;	4	598	659
187	RBrace	}	4	600	661
188	RBrace	}	4	602	663
189	Int	int	4	604	665
190	Identifier	main	4	608	669
191	LParen	(	4	612	673
192	RParen	)	4	613	674
193	LBrace	{	4	615	676
194	Struct	struct	4	617	678
195	Identifier	TreeNode	4	624	685
196	Star	*	4	632	693
197	Identifier	root	4	634	695
198	Assign	=	4	639	700
199	Identifier	createNode	4	641	702
200	LParen	(	4	651	712
201	Number	1	4	652	713
202	RParen	)	4	653	714
203	Semicolon	;	4	654	715
204	Identifier	root	4	656	717
205	Arrow	->	4	660	721
206	Identifier	left	4	662	723
207	Assign	=	4	667	728
208	Identifier	createNode	4	669	730
209	LParen	(	4	679	740
210	Number	2	4	680	741
211	RParen	)	4	681	742
212	Semicolon	;	4	682	743
213	Identifier	root	4	684	745
214	Arrow	->	4	688	749
215	Identifier	right	4	690	751
216	Assign	=	4	696	757
217	Identifier	createNode	4	698	759
218	LParen	(	4	708	769
219	Number	3	4	709	770
220	RParen	)	4	710	771
221	Semicolon	;	4	711	772
222	Identifier	root	4	713	774
223	Arrow	->	4	717	778
224	Identifier	left	4	719	780
225	Arrow	->	4	723	784
226	Identifier	left	4	725	786
227	Assign	=	4	730	791
228	Identifier	createNode	4	732	793
229	LParen	(	4	742	803
230	Number	4	4	743	804
231	RParen	)	4	744	805
232	Semicolon	;	4	745	806
233	Identifier	root	4	747	808
234	Arrow	->	4	751	812
235	Identifier	left	4	753	814
236	Arrow	->	4	757	818
237	Identifier	right	4	759	820
238	Assign	=	4	765	826
239	Identifier	createNode	4	767	828
240	LParen	(	4	777	838
241	Number	5	4	778	839
242	RParen	)	4	779	840
243	Semicolon	;	4	780	841
244	Identifier	levelOrder	4	782	843
245	LParen	(	4	792	853
246	Identifier	root	4	793	854
247	RParen	)	4	797	858
248	Semicolon	;	4	798	859
249	Return	return	4	800	861
250	Number	0	4	807	868
251	Semicolon	;	4	808	869
252	RBrace	}	4	810	871
253	Eof		5	1	873
count=253	errors=0	warnings=0
