0	Hash	#	1	1	0
1	Identifier	include	1	2	1
2	Lt	<	1	10	9
3	Identifier	stdio	1	11	10
4	Dot	.	1	16	15
5	Identifier	h	1	17	16
6	Gt	>	1	18	17
7	Hash	#	2	1	20
8	Identifier	define	2	2	21
9	Identifier	EOF	2	9	28
10	Minus	-	2	13	32
11	Number	1	2	14	33
12	Int	int	3	1	36
13	Identifier	main	3	5	40
14	LParen	(	3	9	44
15	RParen	)	3	10	45
16	LBrace	{	3	12	47
17	Int	int	4	5	54
18	Identifier	c	4	9	58
19	Comma	,	4	10	59
20	Identifier	nl	4	12	61
21	Comma	,	4	14	63
22	Identifier	nt	4	16	65
23	Comma	,	4	18	67
24	Identifier	nb	4	20	69
25	Semicolon	;	4	22	71
26	Identifier	nl	5	5	78
27	Assign	=	5	8	81
28	Identifier	nt	5	10	83
29	Assign	=	5	13	86
30	Identifier	nb	5	15	88
31	Assign	=	5	18	91
32	Number	0	5	20	93
33	Semicolon	;	5	21	94
34	While	while	6	5	101
35	LParen	(	6	11	107
36	LParen	(	6	12	108
37	Identifier	c	6	13	109
38	Assign	=	6	15	111
39	Identifier	getchar	6	17	113
40	LParen	(	6	24	120
41	RParen	)	6	25	121
42	RParen	)	6	26	122
43	Ne	!=	6	28	124
44	Identifier	EOF	6	31	127
45	RParen	)	6	34	130
46	LBrace	{	6	36	132
47	If	if	7	9	143
48	LParen	(	7	12	146
49	Identifier	c	7	13	147
50	Eq	==	7	15	149
51	CharLiteral	32	7	18	152
52	RParen	)	7	21	155
53	Increment	++	7	23	157
54	Identifier	nb	7	25	159
55	Semicolon	;	7	27	161
56	If	if	8	9	172
57	LParen	(	8	12	175
58	Identifier	c	8	13	176
59	Eq	==	8	15	178
60	CharLiteral	9	8	18	181
61	RParen	)	8	22	185
62	Increment	++	8	24	187
63	Identifier	nt	8	26	189
64	Semicolon	;	8	28	191
65	If	if	9	9	202
66	LParen	(	9	12	205
67	Identifier	c	9	13	206
68	Eq	==	9	15	208
69	CharLiteral	10	9	18	211
70	RParen	)	9	22	215
71	Increment	++	9	24	217
72	Identifier	nl	9	26	219
73	Semicolon	;	9	28	221
74	RBrace	}	10	5	228
75	Identifier	printf	11	5	235
76	LParen	(	11	11	241
77	String	%d %d %d\n	11	12	242
78	Comma	,	11	24	254
79	Identifier	nb	11	26	256
80	Comma	,	11	28	258
81	Identifier	nt	11	30	260
82	Comma	,	11	32	262
83	Identifier	nl	11	34	264
84	RParen	)	11	36	266
85	Semicolon	;	11	37	267
86	Return	return	12	5	274
87	Number	0	12	12	281
88	Semicolon	;	12	13	282
89	RBrace	}	13	1	285
90	Eof		14	1	288
count=90	errors=0	warnings=0
