0	Int	int	8	1	625
1	Identifier	main	8	5	629
2	LParen	(	8	9	633
3	RParen	)	8	10	634
4	LBrace	{	8	12	636
5	Int	int	9	5	643
6	Identifier	a	9	9	647
7	Assign	=	9	11	649
8	Number	1	9	13	651
9	Semicolon	;	9	14	652
10	Double	double	10	5	659
11	Identifier	d	10	12	666
12	Assign	=	10	14	668
13	FloatLiteral	1.0	10	16	670
14	Semicolon	;	10	19	673
15	Identifier	printf	11	5	680
16	LParen	(	11	11	686
17	String	%f	11	12	687
18	Comma	,	11	16	691
19	Identifier	a	11	18	693
20	RParen	)	11	19	694
21	Semicolon	;	11	20	695
22	Identifier	printf	12	5	756
23	LParen	(	12	11	762
24	String	%d	12	12	763
25	Comma	,	12	16	767
26	Identifier	d	12	18	769
27	RParen	)	12	19	770
28	Semicolon	;	12	20	771
29	Identifier	scanf	13	5	835
30	LParen	(	13	10	840
31	String	%d	13	11	841
32	Comma	,	13	15	845
33	Ampersand	&	13	17	847
34	Identifier	d	13	18	848
35	RParen	)	13	19	849
36	Semicolon	;	13	20	850
37	Return	return	14	5	914
38	Number	0	14	12	921
39	Semicolon	;	14	13	922
40	RBrace	}	15	1	925
41	Eof		16	1	928
count=41	errors=0	warnings=0
