0	Int	int	2	1	34
1	Identifier	main	2	5	38
2	LParen	(	2	9	42
3	RParen	)	2	10	43
4	LBrace	{	2	12	45
5	Char	char	2	14	47
6	Star	*	2	18	51
7	Identifier	s	2	20	53
8	Assign	=	2	22	55
9	String	hello	2	24	57
10	Semicolon	;	2	31	64
11	Int	int	2	33	66
12	Identifier	len	2	37	70
13	Assign	=	2	41	74
14	Number	0	2	43	76
15	Semicolon	;	2	44	77
16	While	while	2	46	79
17	LParen	(	2	52	85
18	Identifier	s	2	53	86
19	LBracket	[	2	54	87
20	Identifier	len	2	55	88
21	RBracket	]	2	58	91
22	RParen	)	2	59	92
23	Identifier	len	2	61	94
24	Increment	++	2	64	97
25	Semicolon	;	2	66	99
26	Identifier	printf	2	68	101
27	LParen	(	2	74	107
28	String	%d	2	75	108
29	Comma	,	2	79	112
30	Identifier	len	2	81	114
31	RParen	)	2	84	117
32	Semicolon	;	2	85	118
33	Return	return	2	87	120
34	Number	0	2	94	127
35	Semicolon	;	2	95	128
36	RBrace	}	2	97	130
37	Eof		3	1	133
count=37	errors=0	warnings=0
