0	Typedef	typedef	-28	1
1	Unsigned	unsigned	-28	9
2	Int	int	-28	18
3	Identifier	size_t	-28	22
4	Semicolon	;	-28	28
5	Typedef	typedef	-27	1
6	Void	void	-27	9
7	Star	*	-27	13
8	Identifier	FILE	-27	15
9	Semicolon	;	-27	19
10	Int	int	-25	1
11	Identifier	printf	-25	5
12	LParen	(	-25	11
13	Const	const	-25	12
14	Char	char	-25	18
15	Star	*	-25	22
16	Identifier	fmt	-25	24
17	RParen	)	-25	27
18	Semicolon	;	-25	28
19	Int	int	-24	1
20	Identifier	scanf	-24	5
21	LParen	(	-24	10
22	Const	const	-24	11
23	Char	char	-24	17
24	Star	*	-24	21
25	Identifier	fmt	-24	23
26	RParen	)	-24	26
27	Semicolon	;	-24	27
28	Int	int	-23	1
29	Identifier	sprintf	-23	5
30	LParen	(	-23	12
31	Char	char	-23	13
32	Star	*	-23	17
33	Identifier	buf	-23	19
34	Comma	,	-23	22
35	Const	const	-23	24
36	Char	char	-23	30
37	Star	*	-23	34
38	Identifier	fmt	-23	36
39	RParen	)	-23	39
40	Semicolon	;	-23	40
41	Int	int	-22	1
42	Identifier	snprintf	-22	5
43	LParen	(	-22	13
44	Char	char	-22	14
45	Star	*	-22	18
46	Identifier	buf	-22	20
47	Comma	,	-22	23
48	Int	int	-22	25
49	Identifier	size	-22	29
50	Comma	,	-22	33
51	Const	const	-22	35
52	Char	char	-22	41
53	Star	*	-22	45
54	Identifier	fmt	-22	47
55	RParen	)	-22	50
56	Semicolon	;	-22	51
57	Int	int	-21	1
58	Identifier	sscanf	-21	5
59	LParen	(	-21	11
60	Const	const	-21	12
61	Char	char	-21	18
62	Star	*	-21	22
63	Identifier	str	-21	24
64	Comma	,	-21	27
65	Const	const	-21	29
66	Char	char	-21	35
67	Star	*	-21	39
68	Identifier	fmt	-21	41
69	RParen	)	-21	44
70	Semicolon	;	-21	45
71	Int	int	-20	1
72	Identifier	fprintf	-20	5
73	LParen	(	-20	12
74	Identifier	FILE	-20	13
75	Star	*	-20	17
76	Identifier	stream	-20	19
77	Comma	,	-20	25
78	Const	const	-20	27
79	Char	char	-20	33
80	Star	*	-20	37
81	Identifier	fmt	-20	39
82	RParen	)	-20	42
83	Semicolon	;	-20	43
84	Int	int	-19	1
85	Identifier	getchar	-19	5
86	LParen	(	-19	12
87	Void	void	-19	13
88	RParen	)	-19	17
89	Semicolon	;	-19	18
90	Int	int	-18	1
91	Identifier	putchar	-18	5
92	LParen	(	-18	12
93	Int	int	-18	13
94	Identifier	c	-18	17
95	RParen	)	-18	18
96	Semicolon	;	-18	19
97	Int	int	-17	1
98	Identifier	puts	-17	5
99	LParen	(	-17	9
100	Const	const	-17	10
101	Char	char	-17	16
102	Star	*	-17	20
103	Identifier	s	-17	22
104	RParen	)	-17	23
105	Semicolon	;	-17	24
106	Identifier	FILE	-16	1
107	Star	*	-16	5
108	Identifier	fopen	-16	7
109	LParen	(	-16	12
110	Const	const	-16	13
111	Char	char	-16	19
112	Star	*	-16	23
113	Identifier	path	-16	25
114	Comma	,	-16	29
115	Const	const	-16	31
116	Char	char	-16	37
117	Star	*	-16	41
118	Identifier	mode	-16	43
119	RParen	)	-16	47
120	Semicolon	;	-16	48
121	Int	int	-15	1
122	Identifier	fclose	-15	5
123	LParen	(	-15	11
124	Identifier	FILE	-15	12
125	Star	*	-15	16
126	Identifier	stream	-15	18
127	RParen	)	-15	24
128	Semicolon	;	-15	25
129	Int	int	-14	1
130	Identifier	fread	-14	5
131	LParen	(	-14	10
132	Void	void	-14	11
133	Star	*	-14	15
134	Identifier	ptr	-14	17
135	Comma	,	-14	20
136	Int	int	-14	22
137	Identifier	size	-14	26
138	Comma	,	-14	30
139	Int	int	-14	32
140	Identifier	nmemb	-14	36
141	Comma	,	-14	41
142	Identifier	FILE	-14	43
143	Star	*	-14	47
144	Identifier	stream	-14	49
145	RParen	)	-14	55
146	Semicolon	;	-14	56
147	Int	int	-13	1
148	Identifier	fwrite	-13	5
149	LParen	(	-13	11
150	Void	void	-13	12
151	Star	*	-13	16
152	Identifier	ptr	-13	18
153	Comma	,	-13	21
154	Int	int	-13	23
155	Identifier	size	-13	27
156	Comma	,	-13	31
157	Int	int	-13	33
158	Identifier	nmemb	-13	37
159	Comma	,	-13	42
160	Identifier	FILE	-13	44
161	Star	*	-13	48
162	Identifier	stream	-13	50
163	RParen	)	-13	56
164	Semicolon	;	-13	57
165	Int	int	-12	1
166	Identifier	feof	-12	5
167	LParen	(	-12	9
168	Identifier	FILE	-12	10
169	Star	*	-12	14
170	Identifier	stream	-12	16
171	RParen	)	-12	22
172	Semicolon	;	-12	23
173	Char	char	-11	1
174	Star	*	-11	5
175	Identifier	fgets	-11	7
176	LParen	(	-11	12
177	Char	char	-11	13
178	Star	*	-11	17
179	Identifier	s	-11	19
180	Comma	,	-11	20
181	Int	int	-11	22
182	Identifier	n	-11	26
183	Comma	,	-11	27
184	Identifier	FILE	-11	29
185	Star	*	-11	33
186	Identifier	stream	-11	35
187	RParen	)	-11	41
188	Semicolon	;	-11	42
189	Int	int	-10	1
190	Identifier	fputs	-10	5
191	LParen	(	-10	10
192	Const	const	-10	11
193	Char	char	-10	17
194	Star	*	-10	21
195	Identifier	s	-10	23
196	Comma	,	-10	24
197	Identifier	FILE	-10	26
198	Star	*	-10	30
199	Identifier	stream	-10	32
200	RParen	)	-10	38
201	Semicolon	;	-10	39
202	Int	int	-9	1
203	Identifier	ungetc	-9	5
204	LParen	(	-9	11
205	Int	int	-9	12
206	Identifier	c	-9	16
207	Comma	,	-9	17
208	Identifier	FILE	-9	19
209	Star	*	-9	23
210	Identifier	stream	-9	25
211	RParen	)	-9	31
212	Semicolon	;	-9	32
213	Int	int	-8	1
214	Identifier	fgetc	-8	5
215	LParen	(	-8	10
216	Identifier	FILE	-8	11
217	Star	*	-8	15
218	Identifier	stream	-8	17
219	RParen	)	-8	23
220	Semicolon	;	-8	24
221	Int	int	-7	1
222	Identifier	fputc	-7	5
223	LParen	(	-7	10
224	Int	int	-7	11
225	Identifier	c	-7	15
226	Comma	,	-7	16
227	Identifier	FILE	-7	18
228	Star	*	-7	22
229	Identifier	stream	-7	24
230	RParen	)	-7	30
231	Semicolon	;	-7	31
232	Int	int	-6	1
233	Identifier	fseek	-6	5
234	LParen	(	-6	10
235	Identifier	FILE	-6	11
236	Star	*	-6	15
237	Identifier	stream	-6	17
238	Comma	,	-6	23
239	Int	int	-6	25
240	Identifier	offset	-6	29
241	Comma	,	-6	35
242	Int	int	-6	37
243	Identifier	whence	-6	41
244	RParen	)	-6	47
245	Semicolon	;	-6	48
246	Int	int	-5	1
247	Identifier	ftell	-5	5
248	LParen	(	-5	10
249	Identifier	FILE	-5	11
250	Star	*	-5	15
251	Identifier	stream	-5	17
252	RParen	)	-5	23
253	Semicolon	;	-5	24
254	Void	void	-4	1
255	Identifier	rewind	-4	6
256	LParen	(	-4	12
257	Identifier	FILE	-4	13
258	Star	*	-4	17
259	Identifier	stream	-4	19
260	RParen	)	-4	25
261	Semicolon	;	-4	26
262	Int	int	-3	1
263	Identifier	fflush	-3	5
264	LParen	(	-3	11
265	Identifier	FILE	-3	12
266	Star	*	-3	16
267	Identifier	stream	-3	18
268	RParen	)	-3	24
269	Semicolon	;	-3	25
270	Void	void	-2	1
271	Identifier	perror	-2	6
272	LParen	(	-2	12
273	Const	const	-2	13
274	Char	char	-2	19
275	Star	*	-2	23
276	Identifier	s	-2	25
277	RParen	)	-2	26
278	Semicolon	;	-2	27
279	Void	void	-1	1
280	Identifier	clearerr	-1	6
281	LParen	(	-1	14
282	Identifier	FILE	-1	15
283	Star	*	-1	19
284	Identifier	stream	-1	21
285	RParen	)	-1	27
286	Semicolon	;	-1	28
287	Int	int	0	1
288	Identifier	remove	0	5
289	LParen	(	0	11
290	Const	const	0	12
291	Char	char	0	18
292	Star	*	0	22
293	Identifier	pathname	0	24
294	RParen	)	0	32
295	Semicolon	;	0	33
296	Int	int	1	1
297	Identifier	rename	1	5
298	LParen	(	1	11
299	Const	const	1	12
300	Char	char	1	18
301	Star	*	1	22
302	Identifier	oldpath	1	24
303	Comma	,	1	31
304	Const	const	1	33
305	Char	char	1	39
306	Star	*	1	43
307	Identifier	newpath	1	45
308	RParen	)	1	52
309	Semicolon	;	1	53
310	Typedef	typedef	-19	1
311	Unsigned	unsigned	-19	9
312	Int	int	-19	18
313	Identifier	size_t	-19	22
314	Semicolon	;	-19	28
315	Int	int	-17	1
316	Identifier	strlen	-17	5
317	LParen	(	-17	11
318	Const	const	-17	12
319	Char	char	-17	18
320	Star	*	-17	22
321	Identifier	s	-17	24
322	RParen	)	-17	25
323	Semicolon	;	-17	26
324	Char	char	-16	1
325	Star	*	-16	5
326	Identifier	strcpy	-16	7
327	LParen	(	-16	13
328	Char	char	-16	14
329	Star	*	-16	18
330	Identifier	dest	-16	20
331	Comma	,	-16	24
332	Const	const	-16	26
333	Char	char	-16	32
334	Star	*	-16	36
335	Identifier	src	-16	38
336	RParen	)	-16	41
337	Semicolon	;	-16	42
338	Char	char	-15	1
339	Star	*	-15	5
340	Identifier	strncpy	-15	7
341	LParen	(	-15	14
342	Char	char	-15	15
343	Star	*	-15	19
344	Identifier	dest	-15	21
345	Comma	,	-15	25
346	Const	const	-15	27
347	Char	char	-15	33
348	Star	*	-15	37
349	Identifier	src	-15	39
350	Comma	,	-15	42
351	Int	int	-15	44
352	Identifier	n	-15	48
353	RParen	)	-15	49
354	Semicolon	;	-15	50
355	Int	int	-14	1
356	Identifier	strcmp	-14	5
357	LParen	(	-14	11
358	Const	const	-14	12
359	Char	char	-14	18
360	Star	*	-14	22
361	Identifier	s1	-14	24
362	Comma	,	-14	26
363	Const	const	-14	28
364	Char	char	-14	34
365	Star	*	-14	38
366	Identifier	s2	-14	40
367	RParen	)	-14	42
368	Semicolon	;	-14	43
369	Int	int	-13	1
370	Identifier	strncmp	-13	5
371	LParen	(	-13	12
372	Const	const	-13	13
373	Char	char	-13	19
374	Star	*	-13	23
375	Identifier	s1	-13	25
376	Comma	,	-13	27
377	Const	const	-13	29
378	Char	char	-13	35
379	Star	*	-13	39
380	Identifier	s2	-13	41
381	Comma	,	-13	43
382	Int	int	-13	45
383	Identifier	n	-13	49
384	RParen	)	-13	50
385	Semicolon	;	-13	51
386	Char	char	-12	1
387	Star	*	-12	5
388	Identifier	strcat	-12	7
389	LParen	(	-12	13
390	Char	char	-12	14
391	Star	*	-12	18
392	Identifier	dest	-12	20
393	Comma	,	-12	24
394	Const	const	-12	26
395	Char	char	-12	32
396	Star	*	-12	36
397	Identifier	src	-12	38
398	RParen	)	-12	41
399	Semicolon	;	-12	42
400	Char	char	-11	1
401	Star	*	-11	5
402	Identifier	strncat	-11	7
403	LParen	(	-11	14
404	Char	char	-11	15
405	Star	*	-11	19
406	Identifier	dest	-11	21
407	Comma	,	-11	25
408	Const	const	-11	27
409	Char	char	-11	33
410	Star	*	-11	37
411	Identifier	src	-11	39
412	Comma	,	-11	42
413	Int	int	-11	44
414	Identifier	n	-11	48
415	RParen	)	-11	49
416	Semicolon	;	-11	50
417	Void	void	-10	1
418	Star	*	-10	5
419	Identifier	memcpy	-10	7
420	LParen	(	-10	13
421	Void	void	-10	14
422	Star	*	-10	18
423	Identifier	dest	-10	20
424	Comma	,	-10	24
425	Const	const	-10	26
426	Void	void	-10	32
427	Star	*	-10	36
428	Identifier	src	-10	38
429	Comma	,	-10	41
430	Int	int	-10	43
431	Identifier	n	-10	47
432	RParen	)	-10	48
433	Semicolon	;	-10	49
434	Void	void	-9	1
435	Star	*	-9	5
436	Identifier	memmove	-9	7
437	LParen	(	-9	14
438	Void	void	-9	15
439	Star	*	-9	19
440	Identifier	dest	-9	21
441	Comma	,	-9	25
442	Const	const	-9	27
443	Void	void	-9	33
444	Star	*	-9	37
445	Identifier	src	-9	39
446	Comma	,	-9	42
447	Int	int	-9	44
448	Identifier	n	-9	48
449	RParen	)	-9	49
450	Semicolon	;	-9	50
451	Void	void	-8	1
452	Star	*	-8	5
453	Identifier	memset	-8	7
454	LParen	(	-8	13
455	Void	void	-8	14
456	Star	*	-8	18
457	Identifier	ptr	-8	20
458	Comma	,	-8	23
459	Int	int	-8	25
460	Identifier	value	-8	29
461	Comma	,	-8	34
462	Int	int	-8	36
463	Identifier	n	-8	40
464	RParen	)	-8	41
465	Semicolon	;	-8	42
466	Int	int	-7	1
467	Identifier	memcmp	-7	5
468	LParen	(	-7	11
469	Const	const	-7	12
470	Void	void	-7	18
471	Star	*	-7	22
472	Identifier	s1	-7	24
473	Comma	,	-7	26
474	Const	const	-7	28
475	Void	void	-7	34
476	Star	*	-7	38
477	Identifier	s2	-7	40
478	Comma	,	-7	42
479	Int	int	-7	44
480	Identifier	n	-7	48
481	RParen	)	-7	49
482	Semicolon	;	-7	50
483	Char	char	-6	1
484	Star	*	-6	5
485	Identifier	strchr	-6	7
486	LParen	(	-6	13
487	Const	const	-6	14
488	Char	char	-6	20
489	Star	*	-6	24
490	Identifier	s	-6	26
491	Comma	,	-6	27
492	Int	int	-6	29
493	Identifier	c	-6	33
494	RParen	)	-6	34
495	Semicolon	;	-6	35
496	Char	char	-5	1
497	Star	*	-5	5
498	Identifier	strrchr	-5	7
499	LParen	(	-5	14
500	Const	const	-5	15
501	Char	char	-5	21
502	Star	*	-5	25
503	Identifier	s	-5	27
504	Comma	,	-5	28
505	Int	int	-5	30
506	Identifier	c	-5	34
507	RParen	)	-5	35
508	Semicolon	;	-5	36
509	Char	char	-4	1
510	Star	*	-4	5
511	Identifier	strstr	-4	7
512	LParen	(	-4	13
513	Const	const	-4	14
514	Char	char	-4	20
515	Star	*	-4	24
516	Identifier	haystack	-4	26
517	Comma	,	-4	34
518	Const	const	-4	36
519	Char	char	-4	42
520	Star	*	-4	46
521	Identifier	needle	-4	48
522	RParen	)	-4	54
523	Semicolon	;	-4	55
524	Void	void	-3	1
525	Star	*	-3	5
526	Identifier	memchr	-3	7
527	LParen	(	-3	13
528	Const	const	-3	14
529	Void	void	-3	20
530	Star	*	-3	24
531	Identifier	s	-3	26
532	Comma	,	-3	27
533	Int	int	-3	29
534	Identifier	c	-3	33
535	Comma	,	-3	34
536	Int	int	-3	36
537	Identifier	n	-3	40
538	RParen	)	-3	41
539	Semicolon	;	-3	42
540	Char	char	-2	1
541	Star	*	-2	5
542	Identifier	strdup	-2	7
543	LParen	(	-2	13
544	Const	const	-2	14
545	Char	char	-2	20
546	Star	*	-2	24
547	Identifier	s	-2	26
548	RParen	)	-2	27
549	Semicolon	;	-2	28
550	Char	char	-1	1
551	Star	*	-1	5
552	Identifier	strerror	-1	7
553	LParen	(	-1	15
554	Int	int	-1	16
555	Identifier	errnum	-1	20
556	RParen	)	-1	26
557	Semicolon	;	-1	27
558	Char	char	0	1
559	Star	*	0	5
560	Identifier	strpbrk	0	7
561	LParen	(	0	14
562	Const	const	0	15
563	Char	char	0	21
564	Star	*	0	25
565	Identifier	s	0	27
566	Comma	,	0	28
567	Const	const	0	30
568	Char	char	0	36
569	Star	*	0	40
570	Identifier	accept	0	42
571	RParen	)	0	48
572	Semicolon	;	0	49
573	Int	int	1	1
574	Identifier	strspn	1	5
575	LParen	(	1	11
576	Const	const	1	12
577	Char	char	1	18
578	Star	*	1	22
579	Identifier	s	1	24
580	Comma	,	1	25
581	Const	const	1	27
582	Char	char	1	33
583	Star	*	1	37
584	Identifier	accept	1	39
585	RParen	)	1	45
586	Semicolon	;	1	46
587	Int	int	2	1
588	Identifier	strcspn	2	5
589	LParen	(	2	12
590	Const	const	2	13
591	Char	char	2	19
592	Star	*	2	23
593	Identifier	s	2	25
594	Comma	,	2	26
595	Const	const	2	28
596	Char	char	2	34
597	Star	*	2	38
598	Identifier	reject	2	40
599	RParen	)	2	46
600	Semicolon	;	2	47
601	Int	int	4	1
602	Identifier	isVowel	4	5
603	LParen	(	4	12
604	Char	char	4	13
605	Identifier	c	4	18
606	RParen	)	4	19
607	LBrace	{	4	21
608	Return	return	5	5
609	Identifier	c	5	12
610	Eq	==	5	14
611	CharLiteral	97	5	17
612	OrOr	||	5	21
613	Identifier	c	5	24
614	Eq	==	5	26
615	CharLiteral	101	5	29
616	OrOr	||	5	33
617	Identifier	c	5	36
618	Eq	==	5	38
619	CharLiteral	105	5	41
620	OrOr	||	5	45
621	Identifier	c	5	48
622	Eq	==	5	50
623	CharLiteral	111	5	53
624	OrOr	||	5	57
625	Identifier	c	5	60
626	Eq	==	5	62
627	CharLiteral	117	5	65
628	OrOr	||	5	69
629	Identifier	c	6	12
630	Eq	==	6	14
631	CharLiteral	65	6	17
632	OrOr	||	6	21
633	Identifier	c	6	24
634	Eq	==	6	26
635	CharLiteral	69	6	29
636	OrOr	||	6	33
637	Identifier	c	6	36
638	Eq	==	6	38
639	CharLiteral	73	6	41
640	OrOr	||	6	45
641	Identifier	c	6	48
642	Eq	==	6	50
643	CharLiteral	79	6	53
644	OrOr	||	6	57
645	Identifier	c	6	60
646	Eq	==	6	62
647	CharLiteral	85	6	65
648	Semicolon	;	6	68
649	RBrace	}	7	1
650	Char	char	9	1
651	Star	*	9	5
652	Identifier	reverseVowels	9	7
653	LParen	(	9	20
654	Char	char	9	21
655	Star	*	9	25
656	Identifier	s	9	27
657	RParen	)	9	28
658	LBrace	{	9	30
659	Int	int	10	5
660	Identifier	left	10	9
661	Assign	=	10	14
662	Number	0	10	16
663	Comma	,	10	17
664	Identifier	right	10	19
665	Assign	=	10	25
666	Identifier	strlen	10	27
667	LParen	(	10	33
668	Identifier	s	10	34
669	RParen	)	10	35
670	Minus	-	10	37
671	Number	1	10	39
672	Semicolon	;	10	40
673	While	while	11	5
674	LParen	(	11	11
675	Identifier	left	11	12
676	Lt	<	11	17
677	Identifier	right	11	19
678	RParen	)	11	24
679	LBrace	{	11	26
680	While	while	12	9
681	LParen	(	12	15
682	Identifier	left	12	16
683	Lt	<	12	21
684	Identifier	right	12	23
685	AndAnd	&&	12	29
686	Not	!	12	32
687	Identifier	isVowel	12	33
688	LParen	(	12	40
689	Identifier	s	12	41
690	LBracket	[	12	42
691	Identifier	left	12	43
692	RBracket	]	12	47
693	RParen	)	12	48
694	RParen	)	12	49
695	Identifier	left	12	51
696	Increment	++	12	55
697	Semicolon	;	12	57
698	While	while	13	9
699	LParen	(	13	15
700	Identifier	left	13	16
701	Lt	<	13	21
702	Identifier	right	13	23
703	AndAnd	&&	13	29
704	Not	!	13	32
705	Identifier	isVowel	13	33
706	LParen	(	13	40
707	Identifier	s	13	41
708	LBracket	[	13	42
709	Identifier	right	13	43
710	RBracket	]	13	48
711	RParen	)	13	49
712	RParen	)	13	50
713	Identifier	right	13	52
714	Decrement	--	13	57
715	Semicolon	;	13	59
716	If	if	14	9
717	LParen	(	14	12
718	Identifier	left	14	13
719	Lt	<	14	18
720	Identifier	right	14	20
721	RParen	)	14	25
722	LBrace	{	14	27
723	Char	char	15	13
724	Identifier	tmp	15	18
725	Assign	=	15	22
726	Identifier	s	15	24
727	LBracket	[	15	25
728	Identifier	left	15	26
729	RBracket	]	15	30
730	Semicolon	;	15	31
731	Identifier	s	16	13
732	LBracket	[	16	14
733	Identifier	left	16	15
734	RBracket	]	16	19
735	Assign	=	16	21
736	Identifier	s	16	23
737	LBracket	[	16	24
738	Identifier	right	16	25
739	RBracket	]	16	30
740	Semicolon	;	16	31
741	Identifier	s	17	13
742	LBracket	[	17	14
743	Identifier	right	17	15
744	RBracket	]	17	20
745	Assign	=	17	22
746	Identifier	tmp	17	24
747	Semicolon	;	17	27
748	Identifier	left	18	13
749	Increment	++	18	17
750	Semicolon	;	18	19
751	Identifier	right	19	13
752	Decrement	--	19	18
753	Semicolon	;	19	20
754	RBrace	}	20	9
755	RBrace	}	21	5
756	Return	return	22	5
757	Identifier	s	22	12
758	Semicolon	;	22	13
759	RBrace	}	23	1
760	Int	int	25	1
761	Identifier	main	25	5
762	LParen	(	25	9
763	Void	void	25	10
764	RParen	)	25	14
765	LBrace	{	25	16
766	Char	char	26	5
767	Identifier	s1	26	10
768	LBracket	[	26	12
769	RBracket	]	26	13
770	Assign	=	26	15
771	String	hello	26	17
772	Semicolon	;	26	24
773	Identifier	printf	27	5
774	LParen	(	27	11
775	String	%s\n	27	12
776	Comma	,	27	18
777	Identifier	reverseVowels	27	20
778	LParen	(	27	33
779	Identifier	s1	27	34
780	RParen	)	27	36
781	RParen	)	27	37
782	Semicolon	;	27	38
783	Char	char	29	5
784	Identifier	s2	29	10
785	LBracket	[	29	12
786	RBracket	]	29	13
787	Assign	=	29	15
788	String	leetcode	29	17
789	Semicolon	;	29	27
790	Identifier	printf	30	5
791	LParen	(	30	11
792	String	%s\n	30	12
793	Comma	,	30	18
794	Identifier	reverseVowels	30	20
795	LParen	(	30	33
796	Identifier	s2	30	34
797	RParen	)	30	36
798	RParen	)	30	37
799	Semicolon	;	30	38
800	Return	return	32	5
801	Number	0	32	12
802	Semicolon	;	32	13
803	RBrace	}	33	1
804	Eof		34	1
count=804	errors=0	warnings=0
